{ "lni-500px": 59905, "lni-adobe": 59906, "lni-adonis": 59907, "lni-aeroplane-1": 59908, "lni-agenda": 59909, "lni-airbnb": 59910, "lni-airtable": 59911, "lni-alarm-1": 59912, "lni-align-text-center": 59913, "lni-align-text-left": 59914, "lni-align-text-right": 59915, "lni-alpinejs": 59916, "lni-amazon": 59917, "lni-amazon-original": 59918, "lni-amazon-pay": 59919, "lni-ambulance-1": 59920, "lni-amd": 59921, "lni-amex": 59922, "lni-anchor": 59923, "lni-android": 59924, "lni-android-old": 59925, "lni-angellist": 59926, "lni-angle-double-down": 59927, "lni-angle-double-left": 59928, "lni-angle-double-right": 59929, "lni-angle-double-up": 59930, "lni-angular": 59931, "lni-app-store": 59932, "lni-apple-brand": 59933, "lni-apple-music": 59934, "lni-apple-music-alt": 59935, "lni-apple-pay": 59936, "lni-arc-browser": 59937, "lni-arrow-all-direction": 59938, "lni-arrow-angular-top-left": 59939, "lni-arrow-angular-top-right": 59940, "lni-arrow-both-direction-horizontal-1": 59941, "lni-arrow-both-direction-vertical-1": 59942, "lni-arrow-downward": 59943, "lni-arrow-left": 59944, "lni-arrow-left-circle": 59945, "lni-arrow-right": 59946, "lni-arrow-right-circle": 59947, "lni-arrow-upward": 59948, "lni-asana": 59949, "lni-astro": 59950, "lni-atlassian": 59951, "lni-audi": 59952, "lni-audi-alt": 59953, "lni-aws": 59954, "lni-azure": 59955, "lni-badge-decagram-percent": 59956, "lni-balloons": 59957, "lni-ban-2": 59958, "lni-bar-chart-4": 59959, "lni-bar-chart-dollar": 59960, "lni-basket-shopping-3": 59961, "lni-beat": 59962, "lni-behance": 59963, "lni-bell-1": 59964, "lni-bike": 59965, "lni-bing": 59966, "lni-bitbucket": 59967, "lni-bitcoin": 59968, "lni-bittorrent": 59969, "lni-blogger": 59970, "lni-blogger-alt": 59971, "lni-bluetooth": 59972, "lni-bluetooth-logo": 59973, "lni-bmw": 59974, "lni-board-writing-3": 59975, "lni-bold": 59976, "lni-bolt-2": 59977, "lni-bolt-3": 59978, "lni-book-1": 59979, "lni-bookmark-1": 59980, "lni-bookmark-circle": 59981, "lni-books-2": 59982, "lni-bootstrap-5": 59983, "lni-bootstrap-5-square": 59984, "lni-box-archive-1": 59985, "lni-box-closed": 59986, "lni-box-gift-1": 59987, "lni-brave": 59988, "lni-bricks": 59989, "lni-bridge-3": 59990, "lni-briefcase-1": 59991, "lni-briefcase-2": 59992, "lni-briefcase-plus-1": 59993, "lni-brush-1-rotated": 59994, "lni-brush-2": 59995, "lni-btc": 59996, "lni-bug-1": 59997, "lni-buildings-1": 59998, "lni-bulb-2": 59999, "lni-bulb-4": 60000, "lni-burger-1": 60001, "lni-burger-drink": 60002, "lni-bus-1": 60003, "lni-busket-ball": 60004, "lni-cake-1": 60005, "lni-calculator-1": 60006, "lni-calculator-2": 60007, "lni-calendar-days": 60008, "lni-camera-1": 60009, "lni-camera-movie-1": 60010, "lni-candy-cane-2": 60011, "lni-candy-round-1": 60012, "lni-canva": 60013, "lni-capsule-1": 60014, "lni-car-2": 60015, "lni-car-4": 60016, "lni-car-6": 60017, "lni-caravan-1": 60018, "lni-cart-1": 60019, "lni-cart-2": 60020, "lni-cash-app": 60021, "lni-certificate-badge-1": 60022, "lni-chat-bubble-2": 60023, "lni-check": 60024, "lni-check-circle-1": 60025, "lni-check-square-2": 60026, "lni-chevron-down": 60027, "lni-chevron-down-circle": 60028, "lni-chevron-left": 60029, "lni-chevron-left-circle": 60030, "lni-chevron-right-circle": 60031, "lni-chevron-up": 60032, "lni-chevron-up-circle": 60033, "lni-chrome": 60034, "lni-chromecast": 60035, "lni-cisco": 60036, "lni-claude": 60037, "lni-clickup": 60038, "lni-clipboard": 60039, "lni-cloud-2": 60040, "lni-cloud-bolt-1": 60041, "lni-cloud-bolt-2": 60042, "lni-cloud-check-circle": 60043, "lni-cloud-download": 60044, "lni-cloud-iot-2": 60045, "lni-cloud-rain": 60046, "lni-cloud-refresh-clockwise": 60047, "lni-cloud-sun": 60048, "lni-cloud-upload": 60049, "lni-cloudflare": 60050, "lni-code-1": 60051, "lni-code-s": 60052, "lni-codepen": 60053, "lni-coffee-cup-2": 60054, "lni-coinbase": 60055, "lni-colour-palette-3": 60056, "lni-comment-1": 60057, "lni-comment-1-share": 60058, "lni-comment-1-text": 60059, "lni-compass-drafting-2": 60060, "lni-connectdevelop": 60061, "lni-copilot": 60062, "lni-coral": 60063, "lni-cpanel": 60064, "lni-crane-4": 60065, "lni-creative-commons": 60066, "lni-credit-card-multiple": 60067, "lni-crop-2": 60068, "lni-crown-3": 60069, "lni-css3": 60070, "lni-dashboard-square-1": 60071, "lni-database-2": 60072, "lni-deno": 60073, "lni-dev": 60074, "lni-dialogflow": 60075, "lni-diamonds-1": 60076, "lni-diamonds-2": 60077, "lni-digitalocean": 60078, "lni-diners-club": 60079, "lni-direction-ltr": 60080, "lni-direction-rtl": 60081, "lni-discord": 60082, "lni-discord-chat": 60083, "lni-discover": 60084, "lni-docker": 60085, "lni-dollar": 60086, "lni-dollar-circle": 60087, "lni-double-quotes-end-1": 60088, "lni-download-1": 60089, "lni-download-circle-1": 60090, "lni-dribbble": 60091, "lni-dribbble-symbol": 60092, "lni-drizzle": 60093, "lni-dropbox": 60094, "lni-drupal": 60095, "lni-dumbbell-1": 60096, "lni-edge": 60097, "lni-emoji-expressionless": 60098, "lni-emoji-expressionless-flat-eyes": 60099, "lni-emoji-grin": 60100, "lni-emoji-sad": 60101, "lni-emoji-smile": 60102, "lni-emoji-smile-side": 60103, "lni-emoji-smile-sunglass": 60104, "lni-emoji-smile-tongue": 60105, "lni-enter": 60106, "lni-enter-down": 60107, "lni-envato": 60108, "lni-envelope-1": 60109, "lni-eraser-1": 60110, "lni-ethereum-logo": 60111, "lni-euro": 60112, "lni-exit": 60113, "lni-exit-up": 60114, "lni-expand-arrow-1": 60115, "lni-expand-square-4": 60116, "lni-expressjs": 60117, "lni-eye": 60118, "lni-facebook": 60119, "lni-facebook-messenger": 60120, "lni-facebook-rounded": 60121, "lni-facebook-square": 60122, "lni-facetime": 60123, "lni-figma": 60124, "lni-file-format-zip": 60125, "lni-file-multiple": 60126, "lni-file-pencil": 60127, "lni-file-plus-circle": 60128, "lni-file-question": 60129, "lni-file-xmark": 60130, "lni-firebase": 60131, "lni-firefox": 60132, "lni-firework-rocket-4": 60133, "lni-fitbit": 60134, "lni-flag-1": 60135, "lni-flag-2": 60136, "lni-flickr": 60137, "lni-floppy-disk-1": 60138, "lni-flower-2": 60139, "lni-flutter": 60140, "lni-folder-1": 60141, "lni-ford": 60142, "lni-framer": 60143, "lni-funnel-1": 60144, "lni-gallery": 60145, "lni-game-pad-modern-1": 60146, "lni-gatsby": 60147, "lni-gauge-1": 60148, "lni-gear-1": 60149, "lni-gears-3": 60150, "lni-gemini": 60151, "lni-git": 60152, "lni-github": 60153, "lni-glass-juice-1": 60154, "lni-globe-1": 60155, "lni-globe-stand": 60156, "lni-go": 60157, "lni-goodreads": 60158, "lni-google": 60159, "lni-google-cloud": 60160, "lni-google-drive": 60161, "lni-google-meet": 60162, "lni-google-pay": 60163, "lni-google-wallet": 60164, "lni-graduation-cap-1": 60165, "lni-grammarly": 60166, "lni-hacker-news": 60167, "lni-hammer-1": 60168, "lni-hammer-2": 60169, "lni-hand-mic": 60170, "lni-hand-shake": 60171, "lni-hand-stop": 60172, "lni-hand-taking-dollar": 60173, "lni-hand-taking-leaf-1": 60174, "lni-hand-taking-user": 60175, "lni-hashnode": 60176, "lni-hat-chef-3": 60177, "lni-headphone-1": 60178, "lni-heart": 60179, "lni-helicopter-2": 60180, "lni-helmet-safety-1": 60181, "lni-hierarchy-1": 60182, "lni-highlighter-1": 60183, "lni-highlighter-2": 60184, "lni-home-2": 60185, "lni-hospital-2": 60186, "lni-hourglass": 60187, "lni-html5": 60188, "lni-ibm": 60189, "lni-id-card": 60190, "lni-imdb": 60191, "lni-indent": 60192, "lni-info": 60193, "lni-injection-1": 60194, "lni-instagram": 60195, "lni-instagram-logotype": 60196, "lni-intel": 60197, "lni-ios": 60198, "lni-island-2": 60199, "lni-jaguar": 60200, "lni-jamstack": 60201, "lni-java": 60202, "lni-javascript": 60203, "lni-jcb": 60204, "lni-joomla": 60205, "lni-jsfiddle": 60206, "lni-key-1": 60207, "lni-keyboard": 60208, "lni-knife-fork-1": 60209, "lni-kubernetes": 60210, "lni-label-dollar-2": 60211, "lni-laptop-2": 60212, "lni-laptop-phone": 60213, "lni-laravel": 60214, "lni-layers-1": 60215, "lni-layout-26": 60216, "lni-layout-9": 60217, "lni-leaf-1": 60218, "lni-leaf-6": 60219, "lni-lemon-squeezy": 60220, "lni-life-guard-tube-1": 60221, "lni-line": 60222, "lni-line-dashed": 60223, "lni-line-dotted": 60224, "lni-line-height": 60225, "lni-lineicons": 60226, "lni-link-2-angular-right": 60227, "lni-linkedin": 60228, "lni-location-arrow-right": 60229, "lni-locked-1": 60230, "lni-locked-2": 60231, "lni-loom": 60232, "lni-magento": 60233, "lni-magnet": 60234, "lni-mailchimp": 60235, "lni-map-marker-1": 60236, "lni-map-marker-5": 60237, "lni-map-pin-5": 60238, "lni-markdown": 60239, "lni-mastercard": 60240, "lni-medium": 60241, "lni-medium-alt": 60242, "lni-megaphone-1": 60243, "lni-menu-cheesburger": 60244, "lni-menu-hamburger-1": 60245, "lni-menu-meatballs-1": 60246, "lni-menu-meatballs-2": 60247, "lni-mercedes": 60248, "lni-message-2": 60249, "lni-message-2-question": 60250, "lni-message-3-text": 60251, "lni-meta": 60252, "lni-meta-alt": 60253, "lni-microphone-1": 60254, "lni-microscope": 60255, "lni-microsoft": 60256, "lni-microsoft-edge": 60257, "lni-microsoft-teams": 60258, "lni-minus": 60259, "lni-minus-circle": 60260, "lni-mongodb": 60261, "lni-monitor": 60262, "lni-monitor-code": 60263, "lni-monitor-mac": 60264, "lni-moon-half-right-5": 60265, "lni-mountains-2": 60266, "lni-mouse-2": 60267, "lni-mushroom-1": 60268, "lni-mushroom-5": 60269, "lni-music": 60270, "lni-mysql": 60271, "lni-nasa": 60272, "lni-netflix": 60273, "lni-netlify": 60274, "lni-next-step-2": 60275, "lni-nextjs": 60276, "lni-nike": 60277, "lni-nissan": 60278, "lni-nodejs": 60279, "lni-nodejs-alt": 60280, "lni-notebook-1": 60281, "lni-notion": 60282, "lni-npm": 60283, "lni-nuxt": 60284, "lni-nvidia": 60285, "lni-oculus": 60286, "lni-open-ai": 60287, "lni-opera-mini": 60288, "lni-oracle": 60289, "lni-outdent": 60290, "lni-paddle": 60291, "lni-page-break-1": 60292, "lni-pagination": 60293, "lni-paint-bucket": 60294, "lni-paint-roller-1": 60295, "lni-paperclip-1": 60296, "lni-party-flags": 60297, "lni-party-spray": 60298, "lni-patreon": 60299, "lni-pause": 60300, "lni-payoneer": 60301, "lni-paypal": 60302, "lni-pen-to-square": 60303, "lni-pencil-1": 60304, "lni-pepsi": 60305, "lni-phone": 60306, "lni-photos": 60307, "lni-php": 60308, "lni-pie-chart-2": 60309, "lni-pilcrow": 60310, "lni-pimjo-logo": 60311, "lni-pimjo-symbol": 60312, "lni-pinterest": 60313, "lni-pizza-2": 60314, "lni-placeholder-dollar": 60315, "lni-plantscale": 60316, "lni-play": 60317, "lni-play-store": 60318, "lni-playstation": 60319, "lni-plug-1": 60320, "lni-plus": 60321, "lni-plus-circle": 60322, "lni-pnpm": 60323, "lni-postgresql": 60324, "lni-postman": 60325, "lni-pound": 60326, "lni-power-button": 60327, "lni-previous-step-2": 60328, "lni-printer": 60329, "lni-prisma": 60330, "lni-producthunt": 60331, "lni-proton-mail-logo": 60332, "lni-proton-mail-symbol": 60333, "lni-python": 60334, "lni-question-mark": 60335, "lni-question-mark-circle": 60336, "lni-quora": 60337, "lni-radis": 60338, "lni-react": 60339, "lni-reddit": 60340, "lni-refresh-circle-1-clockwise": 60341, "lni-refresh-dollar-1": 60342, "lni-refresh-user-1": 60343, "lni-remix-js": 60344, "lni-road-1": 60345, "lni-rocket-5": 60346, "lni-route-1": 60347, "lni-rss-right": 60348, "lni-ruler-1": 60349, "lni-ruler-pen": 60350, "lni-rupee": 60351, "lni-safari": 60352, "lni-sanity": 60353, "lni-school-bench-1": 60354, "lni-school-bench-2": 60355, "lni-scissors-1-vertical": 60356, "lni-scoter": 60357, "lni-scroll-down-2": 60358, "lni-search-1": 60359, "lni-search-2": 60360, "lni-search-minus": 60361, "lni-search-plus": 60362, "lni-search-text": 60363, "lni-select-cursor-1": 60364, "lni-seo-monitor": 60365, "lni-service-bell-1": 60366, "lni-share-1": 60367, "lni-share-1-circle": 60368, "lni-share-2": 60369, "lni-shield-2": 60370, "lni-shield-2-check": 60371, "lni-shield-dollar": 60372, "lni-shift-left": 60373, "lni-shift-right": 60374, "lni-ship-1": 60375, "lni-shirt-1": 60376, "lni-shopify": 60377, "lni-shovel": 60378, "lni-shuffle": 60379, "lni-sign-post-left": 60380, "lni-signal-app": 60381, "lni-signs-post-2": 60382, "lni-sketch": 60383, "lni-skype": 60384, "lni-slack": 60385, "lni-slice-2": 60386, "lni-sliders-horizontal-square-2": 60387, "lni-slideshare": 60388, "lni-snapchat": 60389, "lni-sort-alphabetical": 60390, "lni-sort-high-to-low": 60391, "lni-soundcloud": 60392, "lni-spacex": 60393, "lni-spellcheck": 60394, "lni-spinner-2-sacle": 60395, "lni-spinner-3": 60396, "lni-sports": 60397, "lni-spotify": 60398, "lni-spotify-alt": 60399, "lni-squarespace": 60400, "lni-stackoverflow": 60401, "lni-stamp": 60402, "lni-star-fat": 60403, "lni-star-fat-half-2": 60404, "lni-star-sharp-disabled": 60405, "lni-statista": 60406, "lni-steam": 60407, "lni-stethoscope-1": 60408, "lni-stopwatch": 60409, "lni-storage-hdd-2": 60410, "lni-strikethrough-1": 60411, "lni-stripe": 60412, "lni-stumbleupon": 60413, "lni-sun-1": 60414, "lni-supabase": 60415, "lni-surfboard-2": 60416, "lni-svelte": 60417, "lni-swift": 60418, "lni-tab": 60419, "lni-tailwindcss": 60420, "lni-target-user": 60421, "lni-telegram": 60422, "lni-telephone-1": 60423, "lni-telephone-3": 60424, "lni-tesla": 60425, "lni-text-format": 60426, "lni-text-format-remove": 60427, "lni-text-paragraph": 60428, "lni-thumbs-down-3": 60429, "lni-thumbs-up-3": 60430, "lni-ticket-1": 60431, "lni-tickets-3": 60432, "lni-tiktok": 60433, "lni-tiktok-alt": 60434, "lni-tower-broadcast-1": 60435, "lni-toyota": 60436, "lni-train-1": 60437, "lni-train-3": 60438, "lni-trash-3": 60439, "lni-tree-2": 60440, "lni-trees-3": 60441, "lni-trello": 60442, "lni-trend-down-1": 60443, "lni-trend-up-1": 60444, "lni-trophy-1": 60445, "lni-trowel-1": 60446, "lni-truck-delivery-1": 60447, "lni-tumblr": 60448, "lni-turborepo": 60449, "lni-twitch": 60450, "lni-twitter-old": 60451, "lni-typescript": 60452, "lni-uber": 60453, "lni-uber-symbol": 60454, "lni-ubuntu": 60455, "lni-underline": 60456, "lni-unlink-2-angular-eft": 60457, "lni-unlocked-2": 60458, "lni-unsplash": 60459, "lni-upload-1": 60460, "lni-upload-circle-1": 60461, "lni-user-4": 60462, "lni-user-multiple-4": 60463, "lni-vector-nodes-6": 60464, "lni-vector-nodes-7": 60465, "lni-vercel": 60466, "lni-vimeo": 60467, "lni-visa": 60468, "lni-vite": 60469, "lni-vk": 60470, "lni-vmware": 60471, "lni-volkswagen": 60472, "lni-volume-1": 60473, "lni-volume-high": 60474, "lni-volume-low": 60475, "lni-volume-mute": 60476, "lni-volume-off": 60477, "lni-vs-code": 60478, "lni-vuejs": 60479, "lni-wallet-1": 60480, "lni-watch-beat-1": 60481, "lni-water-drop-1": 60482, "lni-webflow": 60483, "lni-webhooks": 60484, "lni-wechat": 60485, "lni-weight-machine-1": 60486, "lni-whatsapp": 60487, "lni-wheelbarrow-empty": 60488, "lni-wheelchair-1": 60489, "lni-windows": 60490, "lni-wise": 60491, "lni-wordpress": 60492, "lni-www": 60493, "lni-www-cursor": 60494, "lni-x": 60495, "lni-xampp": 60496, "lni-xbox": 60497, "lni-xmark": 60498, "lni-xmark-circle": 60499, "lni-xrp": 60500, "lni-yahoo": 60501, "lni-yarn": 60502, "lni-ycombinator": 60503, "lni-yen": 60504, "lni-youtube": 60505, "lni-youtube-kids": 60506, "lni-youtube-music": 60507, "lni-zapier": 60508, "lni-zero-size": 60509, "lni-zoom": 60510}